-- ログインユーザ(パスワードはpassw0rd)
INSERT INTO login_user(user_id, user_name, password, role_id)
VALUES
 ('admin01', '管理者０１',  'admin01', 'SYSTEM'),
 ('admin02', '管理者０１',  'admin02', 'SYSTEM'),
 ('general01', '一般ユーザ０１', 'general01', 'GENERAL'),
 ('general02', '一般ユーザ０２', 'general02', 'GENERAL');

-- 納品書
INSERT INTO nouhinsho(nouhin_id, title, kaisha_name, nouhin_date, nouhin_kaisha_name)
VALUES
 ('10001', 'サンプル納品書１',  'XXX1株式会社', '2022-01-01', 'YYY株式会社'),
 ('10002', 'サンプル納品書２',  'XXX2株式会社', '2022-01-02', 'YYY株式会社'),
 ('10003', 'サンプル納品書３',  'XXX3株式会社', '2022-01-03', 'YYY株式会社'),
 ('10004', 'サンプル納品書４',  'XXX4株式会社', '2022-01-04', 'YYY株式会社'),
 ('10005', 'サンプル納品書５',  'XXX5株式会社', '2022-01-05', 'YYY株式会社'),
 ('10006', 'サンプル納品書６',  'XXX6株式会社', '2022-01-06', 'YYY株式会社'),
 ('10007', 'サンプル納品書７',  'XXX7株式会社', '2022-01-07', 'YYY株式会社'),
 ('10008', 'サンプル納品書８',  'XXX8株式会社', '2022-01-08', 'YYY株式会社'),
 ('10009', 'サンプル納品書９',  'XXX9株式会社', '2022-01-09', 'YYY株式会社'),
 ('10010', 'サンプル納品書１０',  'XXX10株式会社', '2022-01-10', 'YYY株式会社'),
 ('10011', 'サンプル納品書１１',  'XXX株式会社', '2022-01-11', 'YYY株式会社'),
 ('10012', 'サンプル納品書１２',  'XXX株式会社', '2022-01-12', 'YYY株式会社'),
 ('10013', 'サンプル納品書１３',  'XXX株式会社', '2022-01-13', 'YYY株式会社'),
 ('10014', 'サンプル納品書１４',  'XXX株式会社', '2022-01-14', 'YYY株式会社'),
 ('10015', 'サンプル納品書１５',  'XXX株式会社', '2022-01-15', 'YYY株式会社'),
 ('10016', 'サンプル納品書１６',  'XXX株式会社', '2022-01-01', 'YYY株式会社'),
 ('10017', 'サンプル納品書１７',  'XXX株式会社', '2022-01-01', 'YYY株式会社'),
 ('10018', 'サンプル納品書１８',  'XXX株式会社', '2022-01-01', 'YYY株式会社'),
 ('10019', 'サンプル納品書１９',  'XXX株式会社', '2022-01-01', 'YYY株式会社'),
 ('10020', 'サンプル納品書２０',  'XXX株式会社', '2022-01-01', 'YYY株式会社'),
 ('10021', 'サンプル納品書２１',  'XXX株式会社', '2022-01-01', 'YYY株式会社'),
 ('10022', 'サンプル納品書２２',  'XXX株式会社', '2022-01-01', 'YYY株式会社'),
 ('10023', 'サンプル納品書２３',  'XXX株式会社', '2022-01-01', 'YYY株式会社'),
 ('10024', 'サンプル納品書２４',  'XXX株式会社', '2022-01-01', 'YYY株式会社'),
 ('10025', 'サンプル納品書２５',  'XXX株式会社', '2022-01-01', 'YYY株式会社');

-- 納品書明細
INSERT INTO nouhinsho_item(nouhin_id, nouhin_item_id, item_name, item_tanka, item_suryo, item_kingaku)
VALUES
 ('10001', '1', 'サンプル項目１',  1000, 4, 4000),
 ('10001', '2', 'サンプル項目２',  2000, 3, 6000), 
 ('10001', '3', 'サンプル項目３',  3000, 3, 9000), 
 ('10002', '1', 'サンプル項目１',  1000, 4, 4000),
 ('10002', '2', 'サンプル項目２',  2000, 3, 6000), 
 ('10003', '1', 'サンプル項目１',  1000, 4, 4000),
 ('10003', '2', 'サンプル項目２',  2000, 3, 6000), 
 ('10004', '1', 'サンプル項目１',  1000, 4, 4000),
 ('10004', '2', 'サンプル項目２',  2000, 3, 6000),
 ('10004', '3', 'サンプル項目３',  2000, 3, 6000),
 ('10004', '4', 'サンプル項目４',  2000, 3, 6000),
 ('10005', '1', 'サンプル項目１',  1000, 100, 100000),
 ('10006', '1', 'サンプル項目１',  1000, 200, 200000),
 ('10007', '1', 'サンプル項目１',  1000, 300, 300000),
 ('10008', '1', 'サンプル項目１',  1000, 400, 400000),
 ('10009', '1', 'サンプル項目１',  1000, 500, 500000),
 ('10010', '1', 'サンプル項目１',  1000, 100, 100000),
 ('10011', '1', 'サンプル項目１',  1000, 100, 100000),
 ('10012', '1', 'サンプル項目１',  1000, 100, 100000),
 ('10013', '1', 'サンプル項目１',  1000, 100, 100000),
 ('10014', '1', 'サンプル項目１',  1000, 100, 100000),
 ('10015', '1', 'サンプル項目１',  1000, 100, 100000),
 ('10016', '1', 'サンプル項目１',  1000, 100, 100000),
 ('10017', '1', 'サンプル項目１',  1000, 100, 100000),
 ('10018', '1', 'サンプル項目１',  1000, 100, 100000),
 ('10019', '1', 'サンプル項目１',  1000, 100, 100000),
 ('10020', '1', 'サンプル項目１',  1000, 100, 100000),
 ('10021', '1', 'サンプル項目１',  1000, 100, 100000),
 ('10022', '1', 'サンプル項目１',  1000, 100, 100000),
 ('10023', '1', 'サンプル項目１',  1000, 100, 100000),
 ('10024', '1', 'サンプル項目１',  1000, 100, 100000),
 ('10025', '1', 'サンプル項目１',  1000, 100, 100000);
